1,0,0,0,0,0
1,0,7,0,0,0
1,0,8,0,0,0
1,0,255,0,0,0
1,1,0,1,1,1
1,1,7,128,0,0
1,1,8,0,0,0
1,1,255,0,0,0
1,128,0,128,128,128
1,128,7,0,1,255
1,128,8,0,0,255
1,128,255,0,0,255
1,255,0,255,255,255
1,255,7,128,1,255
1,255,8,0,0,255
1,255,255,0,0,255
2,0,0,0,0,0
2,0,15,0,0,0
2,0,16,0,0,0
2,0,255,0,0,0
2,1,0,1,1,1
2,1,15,32768,0,0
2,1,16,0,0,0
2,1,255,0,0,0
2,32768,0,32768,32768,32768
2,32768,15,0,1,65535
2,32768,16,0,0,65535
2,32768,255,0,0,65535
2,65535,0,65535,65535,65535
2,65535,15,32768,1,65535
2,65535,16,0,0,65535
2,65535,255,0,0,65535
4,0,0,0,0,0
4,0,31,0,0,0
4,0,32,0,0,0
4,0,255,0,0,0
4,1,0,1,1,1
4,1,31,2147483648,0,0
4,1,32,0,0,0
4,1,255,0,0,0
4,2147483648,0,2147483648,2147483648,2147483648
4,2147483648,31,0,1,4294967295
4,2147483648,32,0,0,4294967295
4,2147483648,255,0,0,4294967295
4,4294967295,0,4294967295,4294967295,4294967295
4,4294967295,31,2147483648,1,4294967295
4,4294967295,32,0,0,4294967295
4,4294967295,255,0,0,4294967295
8,0,0,0,0,0
8,0,63,0,0,0
8,0,64,0,0,0
8,0,255,0,0,0
8,1,0,1,1,1
8,1,63,9223372036854775808,0,0
8,1,64,0,0,0
8,1,255,0,0,0
8,9223372036854775808,0,9223372036854775808,9223372036854775808,9223372036854775808
8,9223372036854775808,63,0,1,18446744073709551615
8,9223372036854775808,64,0,0,18446744073709551615
8,9223372036854775808,255,0,0,18446744073709551615
8,18446744073709551615,0,18446744073709551615,18446744073709551615,18446744073709551615
8,18446744073709551615,63,9223372036854775808,1,18446744073709551615
8,18446744073709551615,64,0,0,18446744073709551615
8,18446744073709551615,255,0,0,18446744073709551615
